matelda_index,col
8,PhoneNumber
9,PhoneNumber
10,PhoneNumber
11,PhoneNumber
12,PhoneNumber
13,PhoneNumber
14,PhoneNumber
15,PhoneNumber
16,PhoneNumber
17,PhoneNumber
18,PhoneNumber
19,PhoneNumber
20,PhoneNumber
21,PhoneNumber
22,PhoneNumber
23,PhoneNumber
24,PhoneNumber
25,PhoneNumber
26,PhoneNumber
27,PhoneNumber
28,PhoneNumber
29,PhoneNumber
30,PhoneNumber
31,PhoneNumber
32,PhoneNumber
33,PhoneNumber
34,PhoneNumber
35,PhoneNumber
36,PhoneNumber
37,PhoneNumber
38,PhoneNumber
39,PhoneNumber
40,PhoneNumber
41,PhoneNumber
42,PhoneNumber
43,PhoneNumber
44,PhoneNumber
45,PhoneNumber
46,PhoneNumber
47,PhoneNumber
48,PhoneNumber
49,PhoneNumber
50,PhoneNumber
51,PhoneNumber
52,PhoneNumber
53,PhoneNumber
54,PhoneNumber
55,PhoneNumber
56,PhoneNumber
57,PhoneNumber
58,PhoneNumber
59,PhoneNumber
60,PhoneNumber
61,PhoneNumber
62,PhoneNumber
63,PhoneNumber
64,PhoneNumber
65,PhoneNumber
66,PhoneNumber
67,PhoneNumber
68,PhoneNumber
69,PhoneNumber
70,PhoneNumber
71,PhoneNumber
72,PhoneNumber
73,PhoneNumber
74,PhoneNumber
75,PhoneNumber
76,PhoneNumber
77,PhoneNumber
78,PhoneNumber
79,PhoneNumber
80,PhoneNumber
81,PhoneNumber
82,PhoneNumber
83,PhoneNumber
84,PhoneNumber
85,PhoneNumber
86,PhoneNumber
87,PhoneNumber
88,PhoneNumber
89,PhoneNumber
90,PhoneNumber
91,PhoneNumber
92,PhoneNumber
93,PhoneNumber
94,PhoneNumber
95,PhoneNumber
96,PhoneNumber
97,PhoneNumber
98,PhoneNumber
99,PhoneNumber
100,PhoneNumber
101,PhoneNumber
102,PhoneNumber
103,PhoneNumber
104,PhoneNumber
105,PhoneNumber
106,PhoneNumber
107,PhoneNumber
108,PhoneNumber
109,PhoneNumber
110,PhoneNumber
111,PhoneNumber
112,PhoneNumber
113,PhoneNumber
114,PhoneNumber
115,PhoneNumber
116,PhoneNumber
117,PhoneNumber
118,PhoneNumber
119,PhoneNumber
120,PhoneNumber
121,PhoneNumber
122,PhoneNumber
123,PhoneNumber
124,PhoneNumber
125,PhoneNumber
126,PhoneNumber
127,PhoneNumber
128,PhoneNumber
129,PhoneNumber
130,PhoneNumber
131,PhoneNumber
132,PhoneNumber
133,PhoneNumber
134,PhoneNumber
135,PhoneNumber
136,PhoneNumber
137,PhoneNumber
138,PhoneNumber
139,PhoneNumber
140,PhoneNumber
141,PhoneNumber
142,PhoneNumber
143,PhoneNumber
144,PhoneNumber
145,PhoneNumber
146,PhoneNumber
147,PhoneNumber
148,PhoneNumber
149,PhoneNumber
150,PhoneNumber
151,PhoneNumber
152,PhoneNumber
153,PhoneNumber
154,PhoneNumber
155,PhoneNumber
156,PhoneNumber
157,PhoneNumber
158,PhoneNumber
159,PhoneNumber
160,PhoneNumber
161,PhoneNumber
162,PhoneNumber
163,PhoneNumber
164,PhoneNumber
165,PhoneNumber
166,PhoneNumber
167,PhoneNumber
168,PhoneNumber
169,PhoneNumber
170,PhoneNumber
171,PhoneNumber
172,PhoneNumber
173,PhoneNumber
174,PhoneNumber
175,PhoneNumber
176,PhoneNumber
177,PhoneNumber
178,PhoneNumber
179,PhoneNumber
180,PhoneNumber
181,PhoneNumber
182,PhoneNumber
183,PhoneNumber
184,PhoneNumber
185,PhoneNumber
186,PhoneNumber
187,PhoneNumber
188,PhoneNumber
189,PhoneNumber
190,PhoneNumber
191,PhoneNumber
192,PhoneNumber
193,PhoneNumber
217,PhoneNumber
219,PhoneNumber
220,PhoneNumber
221,PhoneNumber
222,PhoneNumber
223,PhoneNumber
224,PhoneNumber
225,PhoneNumber
226,PhoneNumber
227,PhoneNumber
228,PhoneNumber
229,PhoneNumber
230,PhoneNumber
231,PhoneNumber
232,PhoneNumber
233,PhoneNumber
234,PhoneNumber
235,PhoneNumber
236,PhoneNumber
237,PhoneNumber
238,PhoneNumber
239,PhoneNumber
240,PhoneNumber
241,PhoneNumber
242,PhoneNumber
243,PhoneNumber
244,PhoneNumber
245,PhoneNumber
246,PhoneNumber
247,PhoneNumber
248,PhoneNumber
249,PhoneNumber
250,PhoneNumber
251,PhoneNumber
252,PhoneNumber
253,PhoneNumber
254,PhoneNumber
255,PhoneNumber
256,PhoneNumber
257,PhoneNumber
258,PhoneNumber
259,PhoneNumber
260,PhoneNumber
261,PhoneNumber
262,PhoneNumber
263,PhoneNumber
264,PhoneNumber
265,PhoneNumber
266,PhoneNumber
267,PhoneNumber
268,PhoneNumber
311,PhoneNumber
312,PhoneNumber
313,PhoneNumber
314,PhoneNumber
315,PhoneNumber
316,PhoneNumber
317,PhoneNumber
318,PhoneNumber
319,PhoneNumber
320,PhoneNumber
321,PhoneNumber
322,PhoneNumber
323,PhoneNumber
324,PhoneNumber
325,PhoneNumber
326,PhoneNumber
327,PhoneNumber
328,PhoneNumber
329,PhoneNumber
330,PhoneNumber
331,PhoneNumber
332,PhoneNumber
333,PhoneNumber
334,PhoneNumber
335,PhoneNumber
336,PhoneNumber
337,PhoneNumber
338,PhoneNumber
339,PhoneNumber
340,PhoneNumber
341,PhoneNumber
342,PhoneNumber
343,PhoneNumber
344,PhoneNumber
345,PhoneNumber
346,PhoneNumber
347,PhoneNumber
353,PhoneNumber
379,PhoneNumber
380,PhoneNumber
381,PhoneNumber
382,PhoneNumber
383,PhoneNumber
384,PhoneNumber
385,PhoneNumber
386,PhoneNumber
387,PhoneNumber
388,PhoneNumber
389,PhoneNumber
390,PhoneNumber
391,PhoneNumber
392,PhoneNumber
393,PhoneNumber
394,PhoneNumber
395,PhoneNumber
396,PhoneNumber
397,PhoneNumber
398,PhoneNumber
399,PhoneNumber
400,PhoneNumber
401,PhoneNumber
402,PhoneNumber
403,PhoneNumber
404,PhoneNumber
405,PhoneNumber
406,PhoneNumber
407,PhoneNumber
408,PhoneNumber
409,PhoneNumber
410,PhoneNumber
411,PhoneNumber
412,PhoneNumber
413,PhoneNumber
414,PhoneNumber
415,PhoneNumber
416,PhoneNumber
417,PhoneNumber
418,PhoneNumber
419,PhoneNumber
420,PhoneNumber
421,PhoneNumber
422,PhoneNumber
423,PhoneNumber
424,PhoneNumber
425,PhoneNumber
426,PhoneNumber
427,PhoneNumber
428,PhoneNumber
429,PhoneNumber
430,PhoneNumber
431,PhoneNumber
432,PhoneNumber
433,PhoneNumber
434,PhoneNumber
435,PhoneNumber
436,PhoneNumber
437,PhoneNumber
438,PhoneNumber
439,PhoneNumber
440,PhoneNumber
441,PhoneNumber
442,PhoneNumber
443,PhoneNumber
444,PhoneNumber
445,PhoneNumber
446,PhoneNumber
447,PhoneNumber
448,PhoneNumber
449,PhoneNumber
450,PhoneNumber
451,PhoneNumber
452,PhoneNumber
453,PhoneNumber
454,PhoneNumber
455,PhoneNumber
456,PhoneNumber
457,PhoneNumber
458,PhoneNumber
459,PhoneNumber
460,PhoneNumber
461,PhoneNumber
462,PhoneNumber
463,PhoneNumber
464,PhoneNumber
465,PhoneNumber
466,PhoneNumber
467,PhoneNumber
468,PhoneNumber
469,PhoneNumber
470,PhoneNumber
471,PhoneNumber
472,PhoneNumber
473,PhoneNumber
474,PhoneNumber
475,PhoneNumber
476,PhoneNumber
477,PhoneNumber
478,PhoneNumber
479,PhoneNumber
480,PhoneNumber
481,PhoneNumber
482,PhoneNumber
483,PhoneNumber
484,PhoneNumber
485,PhoneNumber
486,PhoneNumber
487,PhoneNumber
488,PhoneNumber
489,PhoneNumber
490,PhoneNumber
491,PhoneNumber
492,PhoneNumber
493,PhoneNumber
494,PhoneNumber
495,PhoneNumber
496,PhoneNumber
497,PhoneNumber
498,PhoneNumber
499,PhoneNumber
500,PhoneNumber
501,PhoneNumber
502,PhoneNumber
503,PhoneNumber
504,PhoneNumber
505,PhoneNumber
506,PhoneNumber
507,PhoneNumber
508,PhoneNumber
509,PhoneNumber
510,PhoneNumber
511,PhoneNumber
512,PhoneNumber
513,PhoneNumber
514,PhoneNumber
515,PhoneNumber
516,PhoneNumber
517,PhoneNumber
518,PhoneNumber
519,PhoneNumber
520,PhoneNumber
521,PhoneNumber
522,PhoneNumber
523,PhoneNumber
524,PhoneNumber
525,PhoneNumber
526,PhoneNumber
527,PhoneNumber
528,PhoneNumber
529,PhoneNumber
530,PhoneNumber
531,PhoneNumber
532,PhoneNumber
533,PhoneNumber
534,PhoneNumber
535,PhoneNumber
536,PhoneNumber
537,PhoneNumber
538,PhoneNumber
539,PhoneNumber
540,PhoneNumber
541,PhoneNumber
542,PhoneNumber
543,PhoneNumber
544,PhoneNumber
545,PhoneNumber
546,PhoneNumber
547,PhoneNumber
548,PhoneNumber
549,PhoneNumber
550,PhoneNumber
551,PhoneNumber
552,PhoneNumber
553,PhoneNumber
554,PhoneNumber
555,PhoneNumber
556,PhoneNumber
557,PhoneNumber
558,PhoneNumber
559,PhoneNumber
560,PhoneNumber
561,PhoneNumber
562,PhoneNumber
563,PhoneNumber
564,PhoneNumber
565,PhoneNumber
566,PhoneNumber
567,PhoneNumber
568,PhoneNumber
569,PhoneNumber
570,PhoneNumber
571,PhoneNumber
572,PhoneNumber
573,PhoneNumber
574,PhoneNumber
575,PhoneNumber
576,PhoneNumber
577,PhoneNumber
578,PhoneNumber
579,PhoneNumber
580,PhoneNumber
581,PhoneNumber
582,PhoneNumber
583,PhoneNumber
584,PhoneNumber
585,PhoneNumber
586,PhoneNumber
587,PhoneNumber
588,PhoneNumber
589,PhoneNumber
590,PhoneNumber
591,PhoneNumber
592,PhoneNumber
593,PhoneNumber
594,PhoneNumber
595,PhoneNumber
596,PhoneNumber
597,PhoneNumber
598,PhoneNumber
599,PhoneNumber
600,PhoneNumber
601,PhoneNumber
602,PhoneNumber
603,PhoneNumber
604,PhoneNumber
605,PhoneNumber
606,PhoneNumber
607,PhoneNumber
608,PhoneNumber
609,PhoneNumber
610,PhoneNumber
611,PhoneNumber
612,PhoneNumber
613,PhoneNumber
614,PhoneNumber
615,PhoneNumber
616,PhoneNumber
617,PhoneNumber
618,PhoneNumber
619,PhoneNumber
620,PhoneNumber
621,PhoneNumber
622,PhoneNumber
623,PhoneNumber
624,PhoneNumber
625,PhoneNumber
626,PhoneNumber
627,PhoneNumber
628,PhoneNumber
629,PhoneNumber
630,PhoneNumber
631,PhoneNumber
632,PhoneNumber
633,PhoneNumber
634,PhoneNumber
635,PhoneNumber
636,PhoneNumber
637,PhoneNumber
638,PhoneNumber
639,PhoneNumber
640,PhoneNumber
641,PhoneNumber
642,PhoneNumber
643,PhoneNumber
644,PhoneNumber
645,PhoneNumber
646,PhoneNumber
647,PhoneNumber
648,PhoneNumber
649,PhoneNumber
650,PhoneNumber
651,PhoneNumber
652,PhoneNumber
653,PhoneNumber
654,PhoneNumber
655,PhoneNumber
656,PhoneNumber
657,PhoneNumber
658,PhoneNumber
659,PhoneNumber
660,PhoneNumber
661,PhoneNumber
662,PhoneNumber
663,PhoneNumber
664,PhoneNumber
665,PhoneNumber
666,PhoneNumber
691,PhoneNumber
692,PhoneNumber
693,PhoneNumber
694,PhoneNumber
695,PhoneNumber
696,PhoneNumber
697,PhoneNumber
698,PhoneNumber
699,PhoneNumber
700,PhoneNumber
701,PhoneNumber
702,PhoneNumber
703,PhoneNumber
704,PhoneNumber
705,PhoneNumber
706,PhoneNumber
707,PhoneNumber
708,PhoneNumber
709,PhoneNumber
710,PhoneNumber
711,PhoneNumber
712,PhoneNumber
713,PhoneNumber
714,PhoneNumber
715,PhoneNumber
716,PhoneNumber
717,PhoneNumber
718,PhoneNumber
719,PhoneNumber
720,PhoneNumber
721,PhoneNumber
722,PhoneNumber
723,PhoneNumber
724,PhoneNumber
725,PhoneNumber
726,PhoneNumber
727,PhoneNumber
728,PhoneNumber
729,PhoneNumber
730,PhoneNumber
731,PhoneNumber
732,PhoneNumber
733,PhoneNumber
734,PhoneNumber
735,PhoneNumber
736,PhoneNumber
737,PhoneNumber
738,PhoneNumber
739,PhoneNumber
740,PhoneNumber
741,PhoneNumber
742,PhoneNumber
743,PhoneNumber
744,PhoneNumber
745,PhoneNumber
746,PhoneNumber
747,PhoneNumber
748,PhoneNumber
749,PhoneNumber
750,PhoneNumber
751,PhoneNumber
752,PhoneNumber
753,PhoneNumber
754,PhoneNumber
755,PhoneNumber
756,PhoneNumber
757,PhoneNumber
758,PhoneNumber
759,PhoneNumber
760,PhoneNumber
761,PhoneNumber
762,PhoneNumber
763,PhoneNumber
764,PhoneNumber
765,PhoneNumber
766,PhoneNumber
767,PhoneNumber
768,PhoneNumber
769,PhoneNumber
770,PhoneNumber
771,PhoneNumber
772,PhoneNumber
773,PhoneNumber
774,PhoneNumber
775,PhoneNumber
776,PhoneNumber
777,PhoneNumber
778,PhoneNumber
779,PhoneNumber
780,PhoneNumber
781,PhoneNumber
782,PhoneNumber
783,PhoneNumber
784,PhoneNumber
785,PhoneNumber
786,PhoneNumber
787,PhoneNumber
788,PhoneNumber
789,PhoneNumber
790,PhoneNumber
791,PhoneNumber
792,PhoneNumber
793,PhoneNumber
794,PhoneNumber
795,PhoneNumber
796,PhoneNumber
797,PhoneNumber
798,PhoneNumber
799,PhoneNumber
800,PhoneNumber
801,PhoneNumber
802,PhoneNumber
803,PhoneNumber
804,PhoneNumber
805,PhoneNumber
806,PhoneNumber
807,PhoneNumber
808,PhoneNumber
809,PhoneNumber
810,PhoneNumber
811,PhoneNumber
812,PhoneNumber
813,PhoneNumber
814,PhoneNumber
815,PhoneNumber
816,PhoneNumber
817,PhoneNumber
818,PhoneNumber
819,PhoneNumber
820,PhoneNumber
821,PhoneNumber
822,PhoneNumber
823,PhoneNumber
824,PhoneNumber
825,PhoneNumber
826,PhoneNumber
855,PhoneNumber
865,PhoneNumber
881,PhoneNumber
883,PhoneNumber
902,PhoneNumber
903,PhoneNumber
904,PhoneNumber
905,PhoneNumber
906,PhoneNumber
907,PhoneNumber
908,PhoneNumber
909,PhoneNumber
910,PhoneNumber
911,PhoneNumber
912,PhoneNumber
913,PhoneNumber
914,PhoneNumber
915,PhoneNumber
916,PhoneNumber
917,PhoneNumber
918,PhoneNumber
919,PhoneNumber
920,PhoneNumber
921,PhoneNumber
922,PhoneNumber
923,PhoneNumber
924,PhoneNumber
925,PhoneNumber
926,PhoneNumber
927,PhoneNumber
928,PhoneNumber
929,PhoneNumber
930,PhoneNumber
931,PhoneNumber
932,PhoneNumber
933,PhoneNumber
934,PhoneNumber
935,PhoneNumber
936,PhoneNumber
937,PhoneNumber
938,PhoneNumber
939,PhoneNumber
940,PhoneNumber
941,PhoneNumber
942,PhoneNumber
943,PhoneNumber
944,PhoneNumber
945,PhoneNumber
946,PhoneNumber
947,PhoneNumber
948,PhoneNumber
949,PhoneNumber
950,PhoneNumber
951,PhoneNumber
952,PhoneNumber
953,PhoneNumber
954,PhoneNumber
955,PhoneNumber
956,PhoneNumber
957,PhoneNumber
958,PhoneNumber
959,PhoneNumber
960,PhoneNumber
961,PhoneNumber
962,PhoneNumber
963,PhoneNumber
964,PhoneNumber
965,PhoneNumber
966,PhoneNumber
967,PhoneNumber
968,PhoneNumber
969,PhoneNumber
970,PhoneNumber
971,PhoneNumber
972,PhoneNumber
973,PhoneNumber
974,PhoneNumber
975,PhoneNumber
976,PhoneNumber
977,PhoneNumber
978,PhoneNumber
979,PhoneNumber
13,ProviderNumber
45,ProviderNumber
81,ProviderNumber
213,ProviderNumber
244,ProviderNumber
253,ProviderNumber
273,ProviderNumber
314,ProviderNumber
360,ProviderNumber
408,ProviderNumber
559,ProviderNumber
608,ProviderNumber
627,ProviderNumber
639,ProviderNumber
645,ProviderNumber
655,ProviderNumber
704,ProviderNumber
721,ProviderNumber
724,ProviderNumber
755,ProviderNumber
780,ProviderNumber
789,ProviderNumber
793,ProviderNumber
859,ProviderNumber
878,ProviderNumber
888,ProviderNumber
933,ProviderNumber
955,ProviderNumber
44,ZipCode
63,ZipCode
70,ZipCode
93,ZipCode
137,ZipCode
139,ZipCode
149,ZipCode
157,ZipCode
196,ZipCode
232,ZipCode
267,ZipCode
283,ZipCode
290,ZipCode
325,ZipCode
332,ZipCode
340,ZipCode
366,ZipCode
375,ZipCode
406,ZipCode
420,ZipCode
428,ZipCode
490,ZipCode
499,ZipCode
544,ZipCode
679,ZipCode
685,ZipCode
710,ZipCode
750,ZipCode
815,ZipCode
923,ZipCode
